50_html_swarog.zip,isot/file-0.html,TAK
50_html_swarog.zip,isot/file-1.html,TAK
50_html_swarog.zip,isot/file-2.html,TAK
50_html_swarog.zip,isot/file-3.html,TAK
50_html_swarog.zip,isot/file-4.html,TAK
50_html_swarog.zip,isot/file-5.html,TAK
50_html_swarog.zip,isot/file-6.html,TAK
50_html_swarog.zip,isot/file-7.html,TAK
50_html_swarog.zip,isot/file-8.html,TAK
50_html_swarog.zip,isot/file-9.html,TAK
50_html_swarog.zip,isot/file-10.html,TAK
50_html_swarog.zip,isot/file-11.html,TAK
50_html_swarog.zip,isot/file-12.html,TAK
50_html_swarog.zip,isot/file-13.html,TAK
50_html_swarog.zip,isot/file-14.html,TAK
50_html_swarog.zip,isot/file-15.html,TAK
50_html_swarog.zip,isot/file-16.html,TAK
50_html_swarog.zip,isot/file-17.html,TAK
50_html_swarog.zip,isot/file-18.html,TAK
50_html_swarog.zip,isot/file-19.html,TAK
50_html_swarog.zip,isot/file-20.html,TAK
50_html_swarog.zip,isot/file-21.html,TAK
50_html_swarog.zip,isot/file-22.html,TAK
50_html_swarog.zip,isot/file-23.html,TAK
50_html_swarog.zip,isot/file-24.html,TAK
50_html_swarog.zip,isot/file-25.html,NIE
50_html_swarog.zip,isot/file-26.html,NIE
50_html_swarog.zip,isot/file-27.html,NIE
50_html_swarog.zip,isot/file-28.html,NIE
50_html_swarog.zip,isot/file-29.html,NIE
50_html_swarog.zip,isot/file-30.html,NIE
50_html_swarog.zip,isot/file-31.html,NIE
50_html_swarog.zip,isot/file-32.html,NIE
50_html_swarog.zip,isot/file-33.html,NIE
50_html_swarog.zip,isot/file-34.html,NIE
50_html_swarog.zip,isot/file-35.html,NIE
50_html_swarog.zip,isot/file-36.html,NIE
50_html_swarog.zip,isot/file-37.html,NIE
50_html_swarog.zip,isot/file-38.html,NIE
50_html_swarog.zip,isot/file-39.html,NIE
50_html_swarog.zip,isot/file-40.html,NIE
50_html_swarog.zip,isot/file-41.html,NIE
50_html_swarog.zip,isot/file-42.html,NIE
50_html_swarog.zip,isot/file-43.html,NIE
50_html_swarog.zip,isot/file-44.html,NIE
50_html_swarog.zip,isot/file-45.html,NIE
50_html_swarog.zip,isot/file-46.html,NIE
50_html_swarog.zip,isot/file-47.html,NIE
50_html_swarog.zip,isot/file-48.html,NIE
50_html_swarog.zip,isot/file-49.html,NIE
